zipcode,city,RegionType,SizeRank,ZriForecast,Forecast_YoY_Change,Current_YoY_Change
394856,"Miami-Fort Lauderdale, FL",Msa,8,1910,0.0241286863270778,0.0108401084010841
395078,"Seattle, WA",Msa,15,2312,0.0471014492753623,0.0474383301707779
394943,"Orlando, FL",Msa,27,1482,0.0277392510402219,0.0322118826055835
